contractSymbol;lastTradeDate;strike;lastPrice;bid;ask;change;percentChange;volume;openInterest;impliedVolatility;inTheMoney;contractSize;currency
NVDA250117C00000500;2024-09-25 14:59:05+00:00;0.5;124.11;124.1;124.3;3.6399994;3.0214987;10.0;53402.0;0.0;True;REGULAR;USD
NVDA250117C00001000;2024-09-25 13:30:00+00:00;1.0;120.6;123.5;123.9;5.5;4.7784534;77.0;4719.0;6.87500140625;True;REGULAR;USD
NVDA250117C00001500;2024-06-26 13:52:56+00:00;1.5;126.0;111.05;111.75;0.0;0.0;5.0;125.0;1.0000000000000003e-05;True;REGULAR;USD
NVDA250117C00002000;2024-09-24 17:25:26+00:00;2.0;119.59;122.4;122.85;0.0;0.0;2.0;313.0;4.753910307617186;True;REGULAR;USD
NVDA250117C00002500;2024-09-23 13:39:40+00:00;2.5;113.78;122.0;122.5;0.0;0.0;3.0;218.0;4.587894890136719;True;REGULAR;USD
NVDA250117C00003000;2024-09-24 17:38:38+00:00;3.0;118.63;121.5;121.95;0.0;0.0;4.0;3209.0;4.222660971679687;True;REGULAR;USD
NVDA250117C00003500;2024-09-23 19:20:48+00:00;3.5;113.0;121.0;121.35;0.0;0.0;1.0;225.0;3.8984377539062502;True;REGULAR;USD
NVDA250117C00004000;2024-09-24 19:16:27+00:00;4.0;117.23;120.5;120.9;0.0;0.0;68.0;577.0;3.7324225439453125;True;REGULAR;USD
NVDA250117C00004500;2024-09-13 19:32:10+00:00;4.5;114.55;119.95;120.5;0.0;0.0;3.0;256.0;3.593751015625;True;REGULAR;USD
NVDA250117C00005000;2024-09-24 17:30:03+00:00;5.0;116.55;119.5;119.85;0.0;0.0;3.0;1305.0;3.3867202832031245;True;REGULAR;USD
NVDA250117C00005500;2024-09-04 14:15:18+00:00;5.5;102.69;119.0;119.45;0.0;0.0;8.0;940.0;3.314454838867187;True;REGULAR;USD
NVDA250117C00006000;2024-09-24 17:34:27+00:00;6.0;115.88;118.55;119.0;0.0;0.0;11.0;633.0;3.248048754882812;True;REGULAR;USD
NVDA250117C00006500;2024-08-13 13:30:06+00:00;6.5;104.7;0.0;0.0;0.0;0.0;1.0;621.0;1.0000000000000003e-05;True;REGULAR;USD
NVDA250117C00007000;2024-09-13 19:16:34+00:00;7.0;112.15;117.55;117.95;0.0;0.0;2.0;1231.0;3.02343994140625;True;REGULAR;USD
NVDA250117C00007500;2024-09-17 15:00:18+00:00;7.5;110.6;117.15;117.55;0.0;0.0;20.0;356.0;3.021486821289063;True;REGULAR;USD
NVDA250117C00008000;2024-09-24 18:06:30+00:00;8.0;113.85;116.5;116.95;0.0;0.0;4.0;1629.0;2.8359404101562498;True;REGULAR;USD
NVDA250117C00008500;2024-09-10 19:59:53+00:00;8.5;100.2;116.0;116.55;0.0;0.0;1.0;1540.0;2.803713928222656;True;REGULAR;USD
NVDA250117C00009000;2024-09-03 15:01:14+00:00;9.0;101.28;115.55;116.0;0.0;0.0;21.0;1911.0;2.7343781640625;True;REGULAR;USD
NVDA250117C00009500;2024-08-30 14:52:07+00:00;9.5;110.44;115.15;115.55;0.0;0.0;5.0;3060.0;2.7246125634765628;True;REGULAR;USD
NVDA250117C00010000;2024-09-23 14:37:59+00:00;10.0;106.09;114.65;115.05;0.0;0.0;1.0;11132.0;2.6621127197265633;True;REGULAR;USD
NVDA250117C00010500;2024-09-16 14:06:51+00:00;10.5;107.89;114.1;114.5;0.0;0.0;100.0;2097.0;2.5693395141601565;True;REGULAR;USD
NVDA250117C00011000;2024-09-24 17:17:38+00:00;11.0;110.55;113.55;114.0;0.0;0.0;1.0;6332.0;2.4980506298828127;True;REGULAR;USD
NVDA250117C00011500;2024-08-30 17:16:48+00:00;11.5;107.35;113.15;113.6;0.0;0.0;20.0;1650.0;2.5117224707031247;True;REGULAR;USD
NVDA250117C00012000;2024-09-25 13:51:32+00:00;12.0;111.9;112.65;113.1;4.550003;4.2384753;1.0;5715.0;2.4619179077148434;True;REGULAR;USD
NVDA250117C00012500;2024-09-13 15:26:17+00:00;12.5;107.25;112.2;112.6;0.0;0.0;100.0;5296.0;2.42969142578125;True;REGULAR;USD
NVDA250117C00013000;2024-09-19 18:59:17+00:00;13.0;105.83;111.6;112.0;0.0;0.0;1.0;8908.0;2.3242229394531244;True;REGULAR;USD
NVDA250117C00013500;2024-09-24 19:53:55+00:00;13.5;108.0;111.2;111.65;0.0;0.0;2.0;4794.0;2.3535197412109365;True;REGULAR;USD
NVDA250117C00014000;2024-09-20 13:30:00+00:00;14.0;103.54;110.75;111.15;0.0;0.0;10.0;4871.0;2.325199499511718;True;REGULAR;USD
NVDA250117C00014500;2024-09-13 16:47:36+00:00;14.5;104.5;110.25;110.65;0.0;0.0;2.0;1866.0;2.285160537109375;True;REGULAR;USD
NVDA250117C00015000;2024-09-24 19:42:28+00:00;15.0;106.08;109.75;110.1;0.0;0.0;1.0;33334.0;2.2334028540039057;True;REGULAR;USD
NVDA250117C00015500;2024-06-10 15:54:51+00:00;15.5;107.94;119.6;120.4;0.0;0.0;;2421.0;5.759768425292969;True;REGULAR;USD
NVDA250117C00016000;2024-09-24 15:50:02+00:00;16.0;105.0;108.6;109.05;0.0;0.0;10.0;3407.0;2.1093797265624996;True;REGULAR;USD
NVDA250117C00016500;2024-09-16 18:55:12+00:00;16.5;100.2;108.2;108.65;0.0;0.0;3.0;1534.0;2.1259812475585935;True;REGULAR;USD
NVDA250117C00017000;2024-09-23 19:27:37+00:00;17.0;100.04;107.6;108.05;0.0;0.0;21.0;3936.0;2.042973642578125;True;REGULAR;USD
NVDA250117C00017500;2024-09-24 19:47:49+00:00;17.5;103.83;107.25;107.55;0.0;0.0;1.0;32382.0;2.0488330029296877;True;REGULAR;USD
NVDA250117C00018000;2024-09-17 15:43:13+00:00;18.0;99.65;106.8;107.2;0.0;0.0;120.0;9029.0;2.064457963867187;True;REGULAR;USD
NVDA250117C00018500;2024-09-09 17:38:03+00:00;18.5;87.8;106.3;106.7;0.0;0.0;1.0;55830.0;2.0341846020507814;True;REGULAR;USD
NVDA250117C00019000;2024-09-24 17:02:16+00:00;19.0;102.1;105.7;106.15;0.0;0.0;9.0;104326.0;1.970703271484375;True;REGULAR;USD
NVDA250117C00019500;2024-09-12 17:15:56+00:00;19.5;100.45;105.2;105.65;0.0;0.0;4.0;54434.0;1.9433596582031252;True;REGULAR;USD
NVDA250117C00020000;2024-09-25 14:42:40+00:00;20.0;105.19;104.75;105.1;7.9400024;8.164527;21.0;28568.0;1.9160160449218753;True;REGULAR;USD
NVDA250117C00021000;2024-09-23 14:03:56+00:00;21.0;96.17;103.7;104.15;0.0;0.0;10.0;8675.0;1.86328193359375;True;REGULAR;USD
NVDA250117C00022000;2024-09-13 17:08:49+00:00;22.0;97.78;102.75;103.15;0.0;0.0;9.0;7848.0;1.82421962890625;True;REGULAR;USD
NVDA250117C00023000;2024-09-20 17:34:24+00:00;23.0;94.03;101.85;102.3;0.0;0.0;10.0;8513.0;1.82421962890625;True;REGULAR;USD
NVDA250117C00024000;2024-09-20 17:11:58+00:00;24.0;92.64;100.75;101.2;0.0;0.0;29.0;6048.0;1.7412122314453122;True;REGULAR;USD
NVDA250117C00025000;2024-09-24 15:55:58+00:00;25.0;96.4;99.8;100.2;0.0;0.0;1.0;14814.0;1.7070327148437499;True;REGULAR;USD
NVDA250117C00025500;2024-09-11 16:58:51+00:00;25.5;87.08;99.4;99.75;0.0;0.0;1.0;1640.0;1.712892060546875;True;REGULAR;USD
NVDA250117C00026000;2024-09-03 14:43:15+00:00;26.0;85.5;98.75;99.25;0.0;0.0;1.0;7185.0;1.6660172949218752;True;REGULAR;USD
NVDA250117C00026500;2024-09-16 13:54:01+00:00;26.5;90.25;98.35;98.8;0.0;0.0;1.0;4972.0;1.6713883618164065;True;REGULAR;USD
NVDA250117C00027000;2024-09-25 14:17:30+00:00;27.0;98.11;97.8;98.25;8.110001;9.011112;1.0;10040.0;1.6347674511718748;True;REGULAR;USD
NVDA250117C00027500;2024-09-23 16:59:00+00:00;27.5;88.7;97.45;97.9;0.0;0.0;5.0;4396.0;1.6640641796875002;True;REGULAR;USD
NVDA250117C00028000;2024-09-24 13:50:06+00:00;28.0;89.6;96.9;97.3;0.0;0.0;10.0;21752.0;1.62109564453125;True;REGULAR;USD
NVDA250117C00028500;2024-09-11 18:21:05+00:00;28.5;86.8;96.3;96.8;0.0;0.0;20.0;4646.0;1.5859395703124997;True;REGULAR;USD
NVDA250117C00029000;2024-08-29 13:30:12+00:00;29.0;92.49;95.9;96.4;0.0;0.0;10.0;2894.0;1.5991230981445312;True;REGULAR;USD
NVDA250117C00029500;2024-09-13 19:13:20+00:00;29.5;90.1;95.45;95.9;0.0;0.0;20.0;4290.0;1.5883809643554683;True;REGULAR;USD
NVDA250117C00030000;2024-09-24 15:41:33+00:00;30.0;93.6;95.0;95.4;3.5999985;3.9999983;1.0;6771.0;1.5776388305664062;True;REGULAR;USD
NVDA250117C00030500;2024-06-14 16:40:37+00:00;30.5;102.35;99.3;101.7;0.0;0.0;10.0;2510.0;2.620608917236328;True;REGULAR;USD
NVDA250117C00031000;2024-09-13 15:32:04+00:00;31.0;89.26;93.95;94.4;0.0;0.0;1.0;9136.0;1.53515857421875;True;REGULAR;USD
NVDA250117C00031500;2024-09-23 13:54:37+00:00;31.5;85.75;93.4;93.9;0.0;0.0;1.0;2497.0;1.5107446337890624;True;REGULAR;USD
NVDA250117C00032000;2024-09-23 19:48:21+00:00;32.0;85.1;92.95;93.4;0.0;0.0;3.0;4846.0;1.5014673364257813;True;REGULAR;USD
NVDA250117C00032500;2024-09-12 15:48:04+00:00;32.5;86.42;92.5;92.95;0.0;0.0;10.0;4095.0;1.4985376635742185;True;REGULAR;USD
NVDA250117C00033000;2024-09-09 19:28:11+00:00;33.0;73.75;91.9;92.35;0.0;0.0;10.0;11353.0;1.4545925708007812;True;REGULAR;USD
NVDA250117C00033500;2024-09-23 19:19:59+00:00;33.5;83.49;91.55;91.9;0.0;0.0;10.0;2911.0;1.4663112622070313;True;REGULAR;USD
NVDA250117C00034000;2024-09-19 15:30:58+00:00;34.0;86.4;90.95;91.4;0.0;0.0;6.0;5707.0;1.4370145336914062;True;REGULAR;USD
NVDA250117C00034500;2024-09-24 18:08:00+00:00;34.5;87.65;90.5;91.0;0.0;0.0;70.0;8264.0;1.44140904296875;True;REGULAR;USD
NVDA250117C00035000;2024-09-24 18:08:00+00:00;35.0;87.17;90.15;90.4;0.0;0.0;70.0;7689.0;1.4326200244140623;True;REGULAR;USD
NVDA250117C00035500;2024-09-10 16:05:50+00:00;35.5;70.93;89.6;89.95;0.0;0.0;2.0;4677.0;1.4174833813476564;True;REGULAR;USD
NVDA250117C00036000;2024-09-12 16:11:00+00:00;36.0;84.05;89.0;89.45;0.0;0.0;20.0;3087.0;1.3896514892578122;True;REGULAR;USD
NVDA250117C00036500;2024-09-12 15:13:09+00:00;36.5;83.8;88.65;88.95;0.0;0.0;2.0;2014.0;1.3935577197265623;True;REGULAR;USD
NVDA250117C00037000;2024-09-04 15:15:47+00:00;37.0;73.25;88.0;88.45;0.0;0.0;1.0;6927.0;1.3608430395507813;True;REGULAR;USD
NVDA250117C00037500;2024-09-24 17:40:40+00:00;37.5;84.63;87.5;87.9;0.0;0.0;4.0;8572.0;1.3403353295898435;True;REGULAR;USD
NVDA250117C00038000;2024-09-23 14:36:28+00:00;38.0;78.5;87.0;87.4;0.0;0.0;1.0;6281.0;1.3266635229492185;True;REGULAR;USD
NVDA250117C00038500;2024-09-20 17:04:51+00:00;38.5;78.33;86.6;87.1;0.0;0.0;30.0;13285.0;1.3483919299316405;True;REGULAR;USD
NVDA250117C00039000;2024-09-16 13:46:22+00:00;39.0;77.89;86.0;86.45;0.0;0.0;1.0;10763.0;1.3056675341796873;True;REGULAR;USD
NVDA250117C00039500;2024-08-07 19:03:05+00:00;39.5;62.53;64.05;68.75;0.0;0.0;106.0;2067.0;1.0000000000000003e-05;True;REGULAR;USD
NVDA250117C00040000;2024-09-25 14:20:38+00:00;40.0;85.5;85.1;85.5;4.5;5.5555553;506.0;19522.0;1.2963902368164062;True;REGULAR;USD
NVDA250117C00040500;2024-09-24 18:08:53+00:00;40.5;82.0;84.6;85.1;0.0;0.0;2.0;4718.0;1.294192982177734;True;REGULAR;USD
NVDA250117C00041000;2024-09-24 16:34:38+00:00;41.0;80.72;84.1;84.55;0.0;0.0;1.0;2869.0;1.2753942480468747;True;REGULAR;USD
NVDA250117C00041500;2024-09-24 15:48:32+00:00;41.5;79.5;83.7;84.1;0.0;0.0;8.0;2110.0;1.2788121997070312;True;REGULAR;USD
NVDA250117C00042000;2024-09-13 14:56:40+00:00;42.0;78.33;83.15;83.6;0.0;0.0;20.0;5697.0;1.2607458837890624;True;REGULAR;USD
NVDA250117C00042500;2024-09-23 17:36:49+00:00;42.5;74.14;82.7;83.1;0.0;0.0;10.0;2650.0;1.253421701660156;True;REGULAR;USD
NVDA250117C00043000;2024-09-23 17:36:49+00:00;43.0;73.66;82.1;82.55;0.0;0.0;12.0;8961.0;1.2251015307617186;True;REGULAR;USD
NVDA250117C00043500;2024-09-16 19:38:06+00:00;43.5;73.88;81.65;82.1;0.0;0.0;5.0;5092.0;1.2231484155273438;True;REGULAR;USD
NVDA250117C00044000;2024-09-23 14:48:44+00:00;44.0;72.55;81.3;81.65;0.0;0.0;10.0;6741.0;1.2314491552734375;True;REGULAR;USD
NVDA250117C00044500;2024-08-27 19:15:58+00:00;44.5;85.42;80.65;81.1;0.0;0.0;10.0;4013.0;1.19922275390625;True;REGULAR;USD
NVDA250117C00045000;2024-09-24 19:10:31+00:00;45.0;77.0;80.35;80.75;0.0;0.0;2.0;10535.0;1.2214394396972654;True;REGULAR;USD
NVDA250117C00045500;2024-09-11 18:35:30+00:00;45.5;70.99;79.85;80.2;0.0;0.0;30.0;2819.0;1.2045938208007811;True;REGULAR;USD
NVDA250117C00046000;2024-09-23 17:16:51+00:00;46.0;70.39;79.2;79.6;0.0;0.0;1.0;5489.0;1.1689494677734376;True;REGULAR;USD
NVDA250117C00046500;2024-09-25 13:41:14+00:00;46.5;77.5;78.7;79.15;1.5;1.9736842;1.0;4160.0;1.162113564453125;True;REGULAR;USD
NVDA250117C00047000;2024-09-19 14:15:04+00:00;47.0;73.0;78.35;78.65;0.0;0.0;5.0;15414.0;1.1650432373046877;True;REGULAR;USD
NVDA250117C00047500;2024-09-20 19:50:01+00:00;47.5;70.0;77.95;78.25;0.0;0.0;3.0;13020.0;1.1716350012207033;True;REGULAR;USD
NVDA250117C00048000;2024-09-23 18:35:35+00:00;48.0;69.2;77.5;77.65;0.0;0.0;10.0;11005.0;1.1557659399414062;True;REGULAR;USD
NVDA250117C00048500;2024-09-24 15:29:25+00:00;48.5;69.9;76.9;77.35;0.0;0.0;1.0;4912.0;1.1533245458984376;True;REGULAR;USD
NVDA250117C00049000;2024-09-16 13:54:27+00:00;49.0;68.45;76.4;76.85;0.0;0.0;1.0;6915.0;1.1420941333007812;True;REGULAR;USD
NVDA250117C00049500;2024-08-28 15:25:26+00:00;49.5;75.35;75.8;76.2;0.0;0.0;1.0;5511.0;1.1091353137207034;True;REGULAR;USD
NVDA250117C00050000;2024-09-25 14:51:38+00:00;50.0;75.65;75.35;75.7;3.300003;4.5611653;9.0;62497.0;1.1025435498046878;True;REGULAR;USD
NVDA250117C00050500;2024-09-24 18:17:53+00:00;50.5;73.7;74.9;75.3;1.7999954;2.5034707;1.0;12895.0;1.1047408044433595;True;REGULAR;USD
NVDA250117C00051000;2024-09-23 16:01:09+00:00;51.0;66.36;74.35;74.8;0.0;0.0;2.0;5141.0;1.08984830078125;True;REGULAR;USD
NVDA250117C00051500;2024-09-20 19:50:00+00:00;51.5;65.95;73.9;74.4;0.0;0.0;1.0;3520.0;1.091801416015625;True;REGULAR;USD
NVDA250117C00052000;2024-09-19 15:43:31+00:00;52.0;68.6;73.45;73.85;0.0;0.0;150.0;4474.0;1.0810592822265626;True;REGULAR;USD
NVDA250117C00052500;2024-09-25 14:02:25+00:00;52.5;73.0;73.0;73.35;16.64;29.524485;20.0;11958.0;1.0747116577148441;True;REGULAR;USD
NVDA250117C00053000;2024-09-23 14:03:00+00:00;53.0;64.76;72.5;72.85;0.0;0.0;5.0;4492.0;1.0644578027343752;True;REGULAR;USD
NVDA250117C00053500;2024-08-30 17:49:32+00:00;53.5;66.37;71.9;72.35;0.0;0.0;30.0;4300.0;1.0461473474121097;True;REGULAR;USD
NVDA250117C00054000;2024-09-24 14:06:41+00:00;54.0;63.4;71.5;71.95;0.0;0.0;5.0;6911.0;1.0515184143066407;True;REGULAR;USD
NVDA250117C00054500;2024-09-24 15:56:15+00:00;54.5;67.59;70.9;71.3;0.0;0.0;10.0;11185.0;1.0219775463867187;True;REGULAR;USD
NVDA250117C00055000;2024-09-25 14:04:00+00:00;55.0;70.52;70.55;70.95;3.25;4.8312774;37.0;18211.0;1.0351610742187503;True;REGULAR;USD
NVDA250117C00055500;2024-09-09 14:47:54+00:00;55.5;50.4;70.05;70.5;0.0;0.0;20.0;2895.0;1.0288134497070316;True;REGULAR;USD
NVDA250117C00056000;2024-09-19 17:06:00+00:00;56.0;64.7;69.6;69.95;0.0;0.0;9.0;7426.0;1.0190478735351562;True;REGULAR;USD
NVDA250117C00056500;2024-09-16 18:49:39+00:00;56.5;61.48;69.1;69.35;0.0;0.0;10.0;2203.0;1.0017139758300782;True;REGULAR;USD
NVDA250117C00057000;2024-09-24 15:27:00+00:00;57.0;61.65;68.75;68.95;0.0;0.0;1.0;9443.0;1.0100147155761716;True;REGULAR;USD
NVDA250117C00057500;2024-09-20 19:57:04+00:00;57.5;60.18;68.15;68.35;0.0;0.0;35.0;5659.0;0.9860841235351563;True;REGULAR;USD
NVDA250117C00058000;2024-09-17 19:04:26+00:00;58.0;58.98;67.75;67.9;0.0;0.0;20.0;7262.0;0.9870606762695313;True;REGULAR;USD
NVDA250117C00058500;2024-09-12 14:35:00+00:00;58.5;63.25;67.2;67.5;0.0;0.0;1.0;2552.0;0.9809572216796876;True;REGULAR;USD
NVDA250117C00059000;2024-09-24 17:12:07+00:00;59.0;63.55;66.85;67.05;0.0;0.0;3.0;7115.0;0.9851075708007813;True;REGULAR;USD
NVDA250117C00059500;2024-09-23 13:54:38+00:00;59.5;58.42;66.35;66.55;0.0;0.0;2.0;3295.0;0.975586181640625;True;REGULAR;USD
NVDA250117C00060000;2024-09-25 14:30:16+00:00;60.0;65.83;65.75;65.95;3.4300003;5.496795;105.0;31290.0;0.9528813305664061;True;REGULAR;USD
NVDA250117C00060500;2024-09-25 13:41:48+00:00;60.5;63.44;65.35;65.6;6.09;10.619006;101.0;4856.0;0.9599613378906249;True;REGULAR;USD
NVDA250117C00061000;2024-09-23 14:04:37+00:00;61.0;63.5;64.8;65.05;6.3899994;11.188932;1.0;4545.0;0.9443364941406249;True;REGULAR;USD
NVDA250117C00061500;2024-09-25 14:16:56+00:00;61.5;64.5;64.3;64.6;3.0;4.878049;3.0;2253.0;0.9382330395507812;True;REGULAR;USD
NVDA250117C00062000;2024-09-23 13:47:03+00:00;62.0;55.6;63.75;64.1;0.0;0.0;10.0;11025.0;0.9260261303710937;True;REGULAR;USD
NVDA250117C00062500;2024-09-25 14:37:17+00:00;62.5;63.6;63.4;63.6;7.3499985;13.066665;2.0;11539.0;0.9265144067382812;True;REGULAR;USD
NVDA250117C00063000;2024-09-23 19:38:46+00:00;63.0;55.05;62.8;63.15;0.0;0.0;204.0;6741.0;0.9143074975585939;True;REGULAR;USD
NVDA250117C00063500;2024-09-06 17:30:32+00:00;63.5;41.8;62.45;62.65;0.0;0.0;180.0;6934.0;0.9145516357421876;True;REGULAR;USD
NVDA250117C00064000;2024-09-24 19:36:50+00:00;64.0;57.89;61.85;62.1;0.0;0.0;5.0;14607.0;0.8964854101562498;True;REGULAR;USD
NVDA250117C00064500;2024-09-23 14:39:28+00:00;64.5;52.35;61.5;61.7;0.0;0.0;3.0;1842.0;0.9027109338378907;True;REGULAR;USD
NVDA250117C00065000;2024-09-24 19:11:24+00:00;65.0;57.57;61.0;61.25;0.0;0.0;184.0;12890.0;0.8967295483398436;True;REGULAR;USD
NVDA250117C00065500;2024-09-24 19:38:56+00:00;65.5;56.7;60.55;60.75;0.0;0.0;5.0;2945.0;0.8908702319335937;True;REGULAR;USD
NVDA250117C00066000;2024-09-24 14:03:49+00:00;66.0;58.04;60.0;60.25;6.040001;11.615387;1.0;6444.0;0.8791515991210936;True;REGULAR;USD
NVDA250117C00066500;2024-09-12 14:49:36+00:00;66.5;54.58;59.5;59.75;0.0;0.0;6.0;2144.0;0.8706067626953125;True;REGULAR;USD
NVDA250117C00067000;2024-09-24 19:54:05+00:00;67.0;55.85;59.0;59.2;0.0;0.0;1.0;7817.0;0.8591322680664062;True;REGULAR;USD
NVDA250117C00067500;2024-09-24 19:25:12+00:00;67.5;54.8;58.65;58.85;0.0;0.0;1.0;4305.0;0.8673108972167969;True;REGULAR;USD
NVDA250117C00068000;2024-09-24 16:45:11+00:00;68.0;55.0;58.05;58.3;0.0;0.0;10.0;4149.0;0.850587431640625;True;REGULAR;USD
NVDA250117C00068500;2024-09-19 13:53:59+00:00;68.5;51.45;57.5;57.95;0.0;0.0;5.0;2317.0;0.8474136352539061;True;REGULAR;USD
NVDA250117C00069000;2024-09-12 19:55:35+00:00;69.0;52.68;57.15;57.35;0.0;0.0;10.0;3379.0;0.84179845703125;True;REGULAR;USD
NVDA250117C00069500;2024-09-20 14:16:49+00:00;69.5;49.75;56.7;56.9;0.0;0.0;35.0;2057.0;0.8386246606445311;True;REGULAR;USD
NVDA250117C00070000;2024-09-25 14:06:44+00:00;70.0;56.31;56.25;56.45;4.1100006;7.8735642;8.0;25324.0;0.8354508642578123;True;REGULAR;USD
NVDA250117C00070500;2024-09-19 17:37:06+00:00;70.5;50.92;55.7;55.9;0.0;0.0;5.0;3979.0;0.8217791259765624;True;REGULAR;USD
NVDA250117C00071000;2024-09-24 17:17:49+00:00;71.0;52.2;55.25;55.45;0.0;0.0;4.0;11391.0;0.8186053295898437;True;REGULAR;USD
NVDA250117C00072000;2024-09-20 14:56:17+00:00;72.0;46.53;54.35;54.65;0.0;0.0;10.0;3516.0;0.8171405004882811;True;REGULAR;USD
NVDA250117C00073000;2024-09-25 14:42:14+00:00;73.0;53.67;53.4;53.6;8.23;18.111795;10.0;8112.0;0.8005391040039063;True;REGULAR;USD
NVDA250117C00074000;2024-09-16 14:22:10+00:00;74.0;46.17;52.45;52.6;0.0;0.0;2.0;11908.0;0.7866232275390624;True;REGULAR;USD
NVDA250117C00075000;2024-09-25 13:37:26+00:00;75.0;50.06;51.5;51.7;2.1100006;4.4004183;6.0;10612.0;0.7775901147460937;True;REGULAR;USD
NVDA250117C00076000;2024-09-24 19:53:15+00:00;76.0;47.35;50.55;50.75;0.0;0.0;5.0;4459.0;0.7659935510253908;True;REGULAR;USD
NVDA250117C00077000;2024-09-24 18:33:22+00:00;77.0;46.55;49.5;49.85;0.0;0.0;1.0;10074.0;0.7523218127441407;True;REGULAR;USD
NVDA250117C00078000;2024-09-24 18:49:25+00:00;78.0;48.72;48.7;48.85;3.2299995;7.10046;1.0;16202.0;0.745119736328125;True;REGULAR;USD
NVDA250117C00079000;2024-09-24 15:29:44+00:00;79.0;47.82;47.75;48.0;6.7700005;16.492085;1.0;7106.0;0.7379176599121093;True;REGULAR;USD
NVDA250117C00080000;2024-09-25 14:38:56+00:00;80.0;47.12;46.95;47.1;3.5200005;8.073396;43.0;49573.0;0.73437765625;True;REGULAR;USD
NVDA250117C00081000;2024-09-25 13:38:04+00:00;81.0;44.7;46.0;46.2;5.670002;14.527292;1.0;5004.0;0.7246121289062499;True;REGULAR;USD
NVDA250117C00082000;2024-09-24 17:42:53+00:00;82.0;42.3;45.1;45.3;0.0;0.0;11.0;5226.0;0.71679970703125;True;REGULAR;USD
NVDA250117C00083000;2024-09-25 13:41:22+00:00;83.0;42.63;44.1;44.3;1.7299995;4.2298274;7.0;28883.0;0.70117486328125;True;REGULAR;USD
NVDA250117C00084000;2024-09-24 18:31:25+00:00;84.0;40.25;43.3;43.5;0.0;0.0;59.0;22331.0;0.7005645178222657;True;REGULAR;USD
NVDA250117C00085000;2024-09-25 14:26:17+00:00;85.0;42.8;42.4;42.55;3.5499992;9.044584;406.0;19177.0;0.6904327832031252;True;REGULAR;USD
NVDA250117C00086000;2024-09-25 14:27:28+00:00;86.0;41.83;41.45;41.65;3.2600021;8.45217;13.0;8134.0;0.6801789794921876;True;REGULAR;USD
NVDA250117C00088000;2024-09-25 14:27:28+00:00;88.0;40.08;39.8;39.95;3.5800018;9.808224;14.0;15795.0;0.6713900048828126;True;REGULAR;USD
NVDA250117C00090000;2024-09-25 14:50:45+00:00;90.0;38.2;38.1;38.25;3.5499992;10.245308;64.0;28844.0;0.6596713720703126;True;REGULAR;USD
NVDA250117C00092000;2024-09-25 14:52:42+00:00;92.0;36.4;36.4;36.5;3.800003;11.656451;13.0;14953.0;0.645389288330078;True;REGULAR;USD
NVDA250117C00093000;2024-09-25 13:32:22+00:00;93.0;36.0;35.6;35.75;3.5;10.769231;5.0;5944.0;0.6430699755859376;True;REGULAR;USD
NVDA250117C00094000;2024-09-25 14:16:13+00:00;94.0;34.8;34.7;34.85;2.8499985;8.920183;4.0;4947.0;0.6333044482421876;True;REGULAR;USD
NVDA250117C00095000;2024-09-25 14:26:41+00:00;95.0;34.23;33.85;34.05;3.1999989;10.312596;33.0;26394.0;0.6275672009277344;True;REGULAR;USD
NVDA250117C00096000;2024-09-25 14:23:30+00:00;96.0;33.5;33.15;33.35;2.8600006;9.334206;8.0;5223.0;0.6282996154785156;True;REGULAR;USD
NVDA250117C00097000;2024-09-24 17:44:21+00:00;97.0;29.92;32.35;32.5;0.0;0.0;48.0;5168.0;0.6218909881591796;True;REGULAR;USD
NVDA250117C00098000;2024-09-25 13:58:37+00:00;98.0;31.6;31.55;31.7;2.7700005;9.608049;3.0;5117.0;0.6165809826660158;True;REGULAR;USD
NVDA250117C00099000;2024-09-25 14:58:50+00:00;99.0;30.82;30.85;31.0;2.9799995;10.7040205;27.0;7274.0;0.6159706372070313;True;REGULAR;USD
NVDA250117C00100000;2024-09-25 14:55:57+00:00;100.0;30.1;30.0;30.1;3.2000008;11.895913;382.0;54402.0;0.6063271789550781;True;REGULAR;USD
NVDA250117C00101000;2024-09-25 14:19:12+00:00;101.0;29.4;29.35;29.45;3.5;13.513514;11.0;4732.0;0.6074258007812501;True;REGULAR;USD
NVDA250117C00102000;2024-09-25 14:47:46+00:00;102.0;28.81;28.6;28.75;3.1000004;12.057567;17.0;4289.0;0.6043740734863283;True;REGULAR;USD
NVDA250117C00103000;2024-09-25 14:59:10+00:00;103.0;27.95;27.85;28.0;2.7400017;10.8687105;47.0;5751.0;0.5998575170898439;True;REGULAR;USD
NVDA250117C00104000;2024-09-25 13:40:14+00:00;104.0;25.85;27.1;27.2;1.6200008;6.6859303;5.0;5138.0;0.5938761315917969;True;REGULAR;USD
NVDA250117C00105000;2024-09-25 14:47:45+00:00;105.0;26.6;26.35;26.5;3.0599995;12.999147;204.0;18100.0;0.5898478515625001;True;REGULAR;USD
NVDA250117C00106000;2024-09-25 14:55:23+00:00;106.0;25.6;25.75;25.9;2.8999996;12.775329;19.0;4143.0;0.5910685424804689;True;REGULAR;USD
NVDA250117C00107000;2024-09-25 14:54:04+00:00;107.0;25.0;25.0;25.15;2.6900005;12.057377;47.0;3913.0;0.5852092260742188;True;REGULAR;USD
NVDA250117C00108000;2024-09-25 14:55:10+00:00;108.0;24.35;24.3;24.55;2.6499996;12.21198;26.0;6706.0;0.5833781896972656;True;REGULAR;USD
NVDA250117C00109000;2024-09-25 14:23:46+00:00;109.0;24.05;23.75;23.9;3.0999985;14.797129;30.0;6919.0;0.5832561206054687;True;REGULAR;USD
NVDA250117C00110000;2024-09-25 14:56:54+00:00;110.0;23.15;23.1;23.25;2.7999992;13.759211;1109.0;28017.0;0.5805706005859376;True;REGULAR;USD
NVDA250117C00111000;2024-09-25 14:35:08+00:00;111.0;22.35;22.35;22.5;2.6000004;13.164558;33.0;5509.0;0.5734905932617188;True;REGULAR;USD
NVDA250117C00112000;2024-09-25 14:57:04+00:00;112.0;21.97;21.85;22.0;2.9499989;15.509983;36.0;6189.0;0.57617611328125;True;REGULAR;USD
NVDA250117C00113000;2024-09-25 14:43:11+00:00;113.0;21.3;21.15;21.3;2.6999989;14.516122;37.0;6393.0;0.5704388659667969;True;REGULAR;USD
NVDA250117C00114000;2024-09-25 14:46:44+00:00;114.0;20.85;20.6;20.75;3.1499996;17.796608;76.0;5155.0;0.570316796875;True;REGULAR;USD
NVDA250117C00115000;2024-09-25 14:51:59+00:00;115.0;19.93;20.0;20.1;2.4300003;13.885716;450.0;17823.0;0.5668378277587891;True;REGULAR;USD
NVDA250117C00116000;2024-09-25 14:43:37+00:00;116.0;19.6;19.4;19.5;2.5300007;14.821328;272.0;7332.0;0.5639692041015626;True;REGULAR;USD
NVDA250117C00117000;2024-09-25 14:54:52+00:00;117.0;18.85;18.85;18.95;2.3999996;14.5896635;87.0;6387.0;0.5626874786376954;True;REGULAR;USD
NVDA250117C00118000;2024-09-25 14:49:59+00:00;118.0;18.37;18.35;18.45;2.2700005;14.099381;645.0;9984.0;0.5628705822753908;True;REGULAR;USD
NVDA250117C00119000;2024-09-25 14:42:03+00:00;119.0;18.0;17.8;17.95;2.8000002;18.421055;132.0;6189.0;0.5617719604492188;True;REGULAR;USD
NVDA250117C00120000;2024-09-25 14:55:18+00:00;120.0;17.21;17.25;17.35;2.2599993;15.117052;1605.0;62977.0;0.5583540258789064;True;REGULAR;USD
NVDA250117C00121000;2024-09-25 14:50:30+00:00;121.0;16.82;16.75;16.85;2.3899994;16.562712;269.0;8575.0;0.5574385076904298;True;REGULAR;USD
NVDA250117C00122000;2024-09-25 14:50:08+00:00;122.0;16.2;16.2;16.3;2.2000008;15.714292;358.0;8064.0;0.5542647113037109;True;REGULAR;USD
NVDA250117C00123000;2024-09-25 14:41:13+00:00;123.0;15.85;15.75;15.85;2.4000006;17.84387;559.0;4475.0;0.5543867803955078;True;REGULAR;USD
NVDA250117C00124000;2024-09-25 14:58:21+00:00;124.0;15.32;15.2;15.3;2.2199993;16.94656;459.0;9089.0;0.5505416040039064;True;REGULAR;USD
NVDA250117C00125000;2024-09-25 15:00:39+00:00;125.0;14.8;14.75;14.8;2.1999998;17.460316;1786.0;65534.0;0.549076774902344;False;REGULAR;USD
NVDA250117C00126000;2024-09-25 14:49:59+00:00;126.0;14.29;14.35;14.4;2.0900002;17.13115;127.0;3445.0;0.5499312585449221;False;REGULAR;USD
NVDA250117C00127000;2024-09-25 14:49:26+00:00;127.0;13.9;13.9;13.95;2.0999994;17.796604;80.0;11345.0;0.5485884985351563;False;REGULAR;USD
NVDA250117C00128000;2024-09-25 14:42:29+00:00;128.0;13.5;13.45;13.5;2.1400003;18.838032;128.0;12959.0;0.5469405657958986;False;REGULAR;USD
NVDA250117C00129000;2024-09-25 14:33:38+00:00;129.0;12.9;12.95;13.0;1.9699993;18.02378;250.0;5463.0;0.5430953894042969;False;REGULAR;USD
NVDA250117C00130000;2024-09-25 14:59:47+00:00;130.0;12.61;12.5;12.6;1.96;18.403757;1920.0;59865.0;0.5416915948486329;False;REGULAR;USD
NVDA250117C00132000;2024-09-25 14:52:31+00:00;132.0;11.7;11.7;11.8;1.6999998;16.999998;143.0;35129.0;0.5394943511962893;False;REGULAR;USD
NVDA250117C00134000;2024-09-25 14:40:55+00:00;134.0;11.0;11.0;11.05;1.75;18.918919;64.0;4807.0;0.5387009020996094;False;REGULAR;USD
NVDA250117C00135000;2024-09-25 14:49:26+00:00;135.0;10.7;10.6;10.65;1.8999996;21.590904;577.0;14604.0;0.5364426239013673;False;REGULAR;USD
NVDA250117C00136000;2024-09-25 14:57:57+00:00;136.0;10.29;10.2;10.3;1.6400003;18.959541;627.0;5989.0;0.5347336566162109;False;REGULAR;USD
NVDA250117C00138000;2024-09-25 14:45:09+00:00;138.0;9.7;9.55;9.65;1.75;22.012579;58.0;34444.0;0.5340622766113281;False;REGULAR;USD
NVDA250117C00140000;2024-09-25 15:00:42+00:00;140.0;8.95;8.9;8.95;1.5899997;21.632648;5510.0;60959.0;0.5311326184082032;False;REGULAR;USD
NVDA250117C00142000;2024-09-25 14:49:18+00:00;142.0;8.4;8.35;8.4;1.4499998;20.863308;56.0;5646.0;0.5316208947753907;False;REGULAR;USD
NVDA250117C00144000;2024-09-25 14:45:23+00:00;144.0;7.9;7.75;7.8;1.4700003;22.861591;240.0;5392.0;0.5289353747558594;False;REGULAR;USD
NVDA250117C00145000;2024-09-25 14:59:29+00:00;145.0;7.52;7.5;7.55;1.4200001;23.278688;1361.0;14347.0;0.5291184783935547;False;REGULAR;USD
NVDA250117C00146000;2024-09-25 14:55:20+00:00;146.0;7.2;7.2;7.3;1.25;21.008404;142.0;5550.0;0.5280198565673828;False;REGULAR;USD
NVDA250117C00148000;2024-09-25 14:12:05+00:00;148.0;6.75;6.7;6.75;1.25;22.727272;6.0;19528.0;0.5258226129150392;False;REGULAR;USD
NVDA250117C00149000;2024-09-25 14:47:53+00:00;149.0;6.55;6.45;6.55;1.27;24.05303;6.0;4058.0;0.5258226129150392;False;REGULAR;USD
NVDA250117C00150000;2024-09-25 14:59:02+00:00;150.0;6.25;6.2;6.3;1.21;23.865877;2669.0;86549.0;0.5245408874511719;False;REGULAR;USD
NVDA250117C00151000;2024-09-25 14:44:00+00:00;151.0;6.05;6.0;6.1;1.1000004;22.22223;26.0;4111.0;0.5249070947265625;False;REGULAR;USD
NVDA250117C00152000;2024-09-25 14:25:11+00:00;152.0;5.97;5.8;5.85;1.1699996;24.37499;6.0;2015.0;0.5240526110839843;False;REGULAR;USD
NVDA250117C00153000;2024-09-25 13:42:12+00:00;153.0;5.4;5.55;5.6;0.9500003;21.348322;28.0;2478.0;0.5218553674316406;False;REGULAR;USD
NVDA250117C00154000;2024-09-25 14:13:55+00:00;154.0;5.43;5.35;5.4;0.98;22.022472;35.0;1445.0;0.5214891601562499;False;REGULAR;USD
NVDA250117C00155000;2024-09-25 14:50:49+00:00;155.0;5.23;5.15;5.2;1.28;32.405064;232.0;9082.0;0.5208788146972656;False;REGULAR;USD
NVDA250117C00156000;2024-09-25 14:30:02+00:00;156.0;5.04;5.0;5.05;1.04;26.0;11.0;2996.0;0.5220995056152342;False;REGULAR;USD
NVDA250117C00158000;2024-09-24 19:58:31+00:00;158.0;4.69;4.65;4.7;1.04;28.49315;1679.0;2015.0;0.5217332983398437;False;REGULAR;USD
NVDA250117C00160000;2024-09-25 14:56:54+00:00;160.0;4.33;4.25;4.35;0.98;29.253733;730.0;27375.0;0.5191698474121094;False;REGULAR;USD
NVDA250117C00162000;2024-09-25 14:41:43+00:00;162.0;4.05;3.95;4.0;0.9500003;30.645172;11.0;1799.0;0.5178881219482423;False;REGULAR;USD
NVDA250117C00164000;2024-09-25 14:38:06+00:00;164.0;3.7;3.65;3.75;0.79999995;27.586203;6.0;6035.0;0.5180712255859375;False;REGULAR;USD
NVDA250117C00165000;2024-09-25 14:50:49+00:00;165.0;3.57;3.55;3.6;0.79999995;28.880863;114.0;5362.0;0.5184374328613282;False;REGULAR;USD
NVDA250117C00166000;2024-09-24 18:17:57+00:00;166.0;2.83;3.45;3.5;0.089999914;3.2846684;1.0;5656.0;0.5199022619628906;False;REGULAR;USD
NVDA250117C00167000;2024-09-25 14:50:04+00:00;167.0;3.3;3.25;3.35;0.6299999;23.5955;5.0;972.0;0.5172167419433593;False;REGULAR;USD
NVDA250117C00168000;2024-09-25 14:19:40+00:00;168.0;3.22;3.15;3.25;0.74;29.838709;1.0;2660.0;0.5181932946777343;False;REGULAR;USD
NVDA250117C00169000;2024-09-25 13:47:51+00:00;169.0;2.91;3.0;3.1;0.60000014;25.974033;6.0;1884.0;0.5162401892089843;False;REGULAR;USD
NVDA250117C00170000;2024-09-25 14:40:06+00:00;170.0;2.95;2.95;2.98;0.6600001;28.820965;159.0;16041.0;0.5177050183105469;False;REGULAR;USD
NVDA250117C00171000;2024-09-25 14:59:45+00:00;171.0;2.86;2.82;2.85;0.6199999;27.678566;12.0;3841.0;0.5164843273925781;False;REGULAR;USD
NVDA250117C00172000;2024-09-25 13:42:20+00:00;172.0;2.82;2.71;2.74;0.63999987;29.35779;2.0;2858.0;0.5161181201171875;False;REGULAR;USD
NVDA250117C00173000;2024-09-25 14:17:42+00:00;173.0;2.69;2.63;2.66;0.59000015;28.095247;2.0;1095.0;0.5172167419433593;False;REGULAR;USD
NVDA250117C00174000;2024-09-25 14:45:11+00:00;174.0;2.51;2.53;2.56;0.51;25.5;36.0;637.0;0.5169726037597657;False;REGULAR;USD
NVDA250117C00175000;2024-09-25 14:39:50+00:00;175.0;2.5;2.45;2.48;0.67999995;37.362633;121.0;7014.0;0.5178270874023438;False;REGULAR;USD
NVDA250117C00176000;2024-09-24 19:29:42+00:00;176.0;1.79;2.34;2.37;0.0;0.0;2.0;807.0;0.516606396484375;False;REGULAR;USD
NVDA250117C00177000;2024-09-25 14:59:00+00:00;177.0;2.26;2.26;2.29;0.45000005;24.324327;14.0;1552.0;0.5170946728515625;False;REGULAR;USD
NVDA250117C00178000;2024-09-20 18:54:18+00:00;178.0;1.39;2.19;2.22;0.0;0.0;14.0;1664.0;0.5179491564941407;False;REGULAR;USD
NVDA250117C00179000;2024-09-25 14:31:56+00:00;179.0;2.1;2.11;2.13;0.42999995;25.7485;20.0;4497.0;0.5177050183105469;False;REGULAR;USD
NVDA250117C00180000;2024-09-25 14:36:50+00:00;180.0;2.06;2.03;2.05;0.53;34.640522;251.0;21062.0;0.51758294921875;False;REGULAR;USD
NVDA250117C00181000;2024-09-25 14:49:31+00:00;181.0;1.97;1.95;1.98;0.5;34.013603;4.0;1263.0;0.51758294921875;False;REGULAR;USD
NVDA250117C00182000;2024-09-24 18:27:20+00:00;182.0;1.51;1.89;1.92;0.0;0.0;6.0;2665.0;0.5185595019531251;False;REGULAR;USD
NVDA250117C00183000;2024-09-24 19:29:42+00:00;183.0;1.85;1.82;1.85;0.47000003;34.057976;2.0;693.0;0.5185595019531251;False;REGULAR;USD
NVDA250117C00184000;2024-09-25 14:38:21+00:00;184.0;1.8;1.76;1.79;0.40999997;29.4964;1.0;1542.0;0.5191698474121094;False;REGULAR;USD
NVDA250117C00185000;2024-09-25 14:14:41+00:00;185.0;1.73;1.68;1.71;0.39;29.104477;18.0;1704.0;0.5180712255859375;False;REGULAR;USD
NVDA250117C00186000;2024-09-25 14:23:46+00:00;186.0;1.7;1.64;1.66;0.8000001;88.8889;50.0;2025.0;0.5195360546875;False;REGULAR;USD
NVDA250117C00187000;2024-09-24 19:18:45+00:00;187.0;1.22;1.58;1.61;0.0;0.0;11.0;521.0;0.5200243310546875;False;REGULAR;USD
NVDA250117C00188000;2024-09-25 14:45:14+00:00;188.0;1.51;1.53;1.55;0.30999994;25.833328;5.0;1348.0;0.5202684692382812;False;REGULAR;USD
NVDA250117C00189000;2024-09-25 14:58:05+00:00;189.0;1.48;1.47;1.49;0.6;68.18182;2.0;1134.0;0.5200243310546875;False;REGULAR;USD
NVDA250117C00190000;2024-09-25 14:20:34+00:00;190.0;1.48;1.42;1.44;0.43000007;40.95239;191.0;11342.0;0.5205126074218749;False;REGULAR;USD
NVDA250117C00191000;2024-09-24 19:06:36+00:00;191.0;1.09;1.37;1.39;0.00999999;0.925925;1.0;2132.0;0.5207567456054687;False;REGULAR;USD
NVDA250117C00192000;2024-09-25 14:03:46+00:00;192.0;1.33;1.32;1.34;0.34000003;34.343437;27.0;523.0;0.5210008837890624;False;REGULAR;USD
NVDA250117C00193000;2024-09-25 14:57:09+00:00;193.0;1.3;1.28;1.31;0.35999995;38.297867;8.0;1578.0;0.5222215747070311;False;REGULAR;USD
NVDA250117C00194000;2024-09-25 14:46:39+00:00;194.0;1.26;1.24;1.27;0.28999996;29.896902;1506.0;25078.0;0.5229539892578124;False;REGULAR;USD
NVDA250117C00195000;2024-09-25 14:40:08+00:00;195.0;1.23;1.19;1.21;0.31;33.695652;538.0;4041.0;0.5222215747070311;False;REGULAR;USD
NVDA250117C00200000;2024-09-25 14:56:20+00:00;200.0;1.02;1.01;1.03;0.26999998;35.999996;1140.0;29375.0;0.5251512329101562;False;REGULAR;USD
NVDA250117C00205000;2024-09-25 14:44:15+00:00;205.0;0.88;0.86;0.88;0.19;27.536232;13.0;4080.0;0.5283250292968751;False;REGULAR;USD
NVDA250117C00210000;2024-09-25 14:44:15+00:00;210.0;0.76;0.74;0.76;0.19999999;35.714283;32.0;4502.0;0.532231240234375;False;REGULAR;USD
NVDA250117C00212000;2024-09-24 16:02:46+00:00;212.0;0.55;0.7;0.72;0.0;0.0;2.0;4757.0;0.534184345703125;False;REGULAR;USD
NVDA250117C00213000;2024-09-24 15:27:37+00:00;213.0;0.38;0.67;0.69;0.0;0.0;2.0;652.0;0.5336960693359375;False;REGULAR;USD
NVDA250117C00214000;2024-09-25 14:05:56+00:00;214.0;0.68;0.66;0.68;0.17000002;33.333336;2.0;370.0;0.5356491748046875;False;REGULAR;USD
NVDA250117C00215000;2024-09-23 13:42:52+00:00;215.0;0.58;0.64;0.66;0.17999998;44.999996;25.0;1489.0;0.5363815893554689;False;REGULAR;USD
NVDA250117C00216000;2024-09-24 19:07:01+00:00;216.0;0.5;0.62;0.64;0.0;0.0;6.0;321.0;0.5368698657226563;False;REGULAR;USD
NVDA250117C00217000;2024-09-25 14:04:11+00:00;217.0;0.61;0.6;0.62;0.16000003;35.55556;11.0;405.0;0.5373581420898439;False;REGULAR;USD
NVDA250117C00218000;2024-09-20 19:08:00+00:00;218.0;0.51;0.58;0.6;0.13;34.210526;1.0;512.0;0.5376022802734376;False;REGULAR;USD
NVDA250117C00219000;2024-09-20 18:58:17+00:00;219.0;0.37;0.57;0.59;0.0;0.0;1.0;316.0;0.5395553857421876;False;REGULAR;USD
NVDA250117C00220000;2024-09-25 14:47:59+00:00;220.0;0.57;0.55;0.57;0.13999999;32.558136;48.0;5220.0;0.5395553857421876;False;REGULAR;USD
NVDA250117C00221000;2024-09-25 14:45:58+00:00;221.0;0.55;0.54;0.55;0.15;37.5;1.0;582.0;0.5405319384765627;False;REGULAR;USD
NVDA250117C00222000;2024-09-24 17:00:11+00:00;222.0;0.41;0.52;0.54;0.0;0.0;1.0;906.0;0.541264353027344;False;REGULAR;USD
NVDA250117C00223000;2024-09-25 14:54:45+00:00;223.0;0.5;0.51;0.52;0.099999994;24.999998;1.0;270.0;0.5419967675781252;False;REGULAR;USD
NVDA250117C00224000;2024-09-20 15:16:08+00:00;224.0;0.33;0.49;0.51;0.0;0.0;1.0;2504.0;0.5424850439453126;False;REGULAR;USD
NVDA250117C00225000;2024-09-25 14:44:54+00:00;225.0;0.5;0.48;0.49;0.13999999;38.88888;48.0;3226.0;0.5429733203125001;False;REGULAR;USD
NVDA250117C00226000;2024-09-25 13:32:29+00:00;226.0;0.48;0.47;0.48;0.13;37.142857;3.0;282.0;0.5444381494140625;False;REGULAR;USD
NVDA250117C00227000;2024-09-25 14:11:31+00:00;227.0;0.47;0.46;0.47;0.19;67.85714;1.0;1115.0;0.5459029785156251;False;REGULAR;USD
NVDA250117C00228000;2024-09-25 14:45:12+00:00;228.0;0.45;0.44;0.46;0.099999994;28.571426;9.0;24782.0;0.5459029785156251;False;REGULAR;USD
NVDA250117C00230000;2024-09-25 14:54:45+00:00;230.0;0.42;0.42;0.44;0.07999998;23.529406;18.0;2856.0;0.5483443603515626;False;REGULAR;USD
NVDA250117C00235000;2024-09-25 13:48:05+00:00;235.0;0.36;0.37;0.39;0.060000002;20.0;2.0;938.0;0.55273884765625;False;REGULAR;USD
NVDA250117C00240000;2024-09-25 14:29:35+00:00;240.0;0.34;0.33;0.34;0.08000001;30.769236;210.0;11890.0;0.5571333349609376;False;REGULAR;USD
NVDA250117C00245000;2024-09-25 14:49:46+00:00;245.0;0.29;0.29;0.31;0.059999987;26.08695;3.0;2242.0;0.5620160986328125;False;REGULAR;USD
NVDA250117C00250000;2024-09-25 14:53:50+00:00;250.0;0.26;0.26;0.27;0.049999997;22.727268;239.0;45968.0;0.5654340332031251;False;REGULAR;USD
NVDA250117C00255000;2024-09-25 13:53:35+00:00;255.0;0.24;0.23;0.25;0.049999997;26.315786;1.0;1019.0;0.5712933496093751;False;REGULAR;USD
NVDA250117C00260000;2024-09-25 14:55:44+00:00;260.0;0.22;0.21;0.22;0.030000001;15.789474;5.0;766.0;0.5751995605468749;False;REGULAR;USD
NVDA250117C00265000;2024-09-25 14:33:50+00:00;265.0;0.2;0.19;0.2;0.040000007;25.000004;5.0;3323.0;0.5800823242187501;False;REGULAR;USD
NVDA250117C00270000;2024-09-25 14:26:23+00:00;270.0;0.18;0.17;0.19;0.040000007;28.571432;29.0;1650.0;0.585941640625;False;REGULAR;USD
NVDA250117C00275000;2024-09-25 14:05:29+00:00;275.0;0.17;0.16;0.17;0.040000007;30.769236;75.0;1165.0;0.5908244042968751;False;REGULAR;USD
NVDA250117C00280000;2024-09-25 14:48:24+00:00;280.0;0.15;0.14;0.15;0.030000009;25.000008;828.0;51800.0;0.5927775097656252;False;REGULAR;USD
NVDA250117C00285000;2024-05-30 14:57:08+00:00;285.0;863.18;931.6;939.6;0.0;0.0;2.0;469.0;0.0;False;REGULAR;USD
NVDA250117C00290000;2024-06-07 19:24:55+00:00;290.0;928.67;926.9;935.2;-12.63;-1.34176;1.0;288.0;0.0;False;REGULAR;USD
NVDA250117C00295000;2024-04-09 18:11:10+00:00;295.0;567.15;602.25;609.2;0.0;0.0;8.0;429.0;0.0;False;REGULAR;USD
NVDA250117C00300000;2024-06-07 15:05:39+00:00;300.0;902.1;917.2;924.9;-19.9;-2.15835;4.0;714.0;0.0;False;REGULAR;USD
NVDA250117C00305000;2024-06-05 16:03:54+00:00;305.0;908.96;912.4;920.35;0.0;0.0;1.0;251.0;0.0;False;REGULAR;USD
NVDA250117C00310000;2024-05-29 19:14:58+00:00;310.0;853.78;907.6;915.55;0.0;0.0;1.0;917.0;0.0;False;REGULAR;USD
NVDA250117C00315000;2024-05-23 19:14:10+00:00;315.0;722.33;902.8;910.75;0.0;0.0;2.0;251.0;0.0;False;REGULAR;USD
NVDA250117C00320000;2024-05-30 14:32:41+00:00;320.0;835.95;898.0;905.95;0.0;0.0;1.0;492.0;0.0;False;REGULAR;USD
NVDA250117C00325000;2024-06-07 13:45:07+00:00;325.0;878.55;893.75;901.2;-10.77;-1.21104;1.0;414.0;0.0;False;REGULAR;USD
NVDA250117C00330000;2024-06-06 15:17:28+00:00;330.0;894.36;888.95;896.4;0.0;0.0;2.0;1140.0;0.0;False;REGULAR;USD
NVDA250117C00335000;2024-06-07 16:11:37+00:00;335.0;879.0;883.6;891.5;3.19;0.364235;1.0;382.0;0.0;False;REGULAR;USD
NVDA250117C00340000;2024-06-05 14:54:03+00:00;340.0;870.98;879.35;886.75;0.0;0.0;1.0;598.0;0.0;False;REGULAR;USD
NVDA250117C00345000;2024-05-30 14:33:07+00:00;345.0;810.0;874.6;881.9;0.0;0.0;1.0;827.0;0.0;False;REGULAR;USD
NVDA250117C00350000;2024-06-07 18:06:41+00:00;350.0;870.75;869.75;877.15;-6.72998;-0.766967;4.0;828.0;0.0;False;REGULAR;USD
NVDA250117C00355000;2024-05-09 15:32:07+00:00;355.0;558.13;865.05;872.65;0.0;0.0;2.0;475.0;0.0;False;REGULAR;USD
NVDA250117C00360000;2024-05-23 13:44:20+00:00;360.0;693.13;859.65;867.85;0.0;0.0;2.0;315.0;0.0;False;REGULAR;USD
NVDA250117C00365000;2024-03-25 18:25:53+00:00;365.0;614.68;449.6;454.15;0.0;0.0;1.0;201.0;0.0;False;REGULAR;USD
NVDA250117C00370000;2024-06-06 18:35:35+00:00;370.0;845.03;850.6;858.05;0.0;0.0;2.0;853.0;0.0;False;REGULAR;USD
NVDA250117C00375000;2024-06-06 19:59:31+00:00;375.0;847.9;845.8;853.2;0.0;0.0;5.0;862.0;0.0;False;REGULAR;USD
NVDA250117C00380000;2024-06-05 19:09:14+00:00;380.0;854.83;841.05;848.85;0.0;0.0;10.0;660.0;0.0;False;REGULAR;USD
NVDA250117C00385000;2024-05-31 15:10:03+00:00;385.0;723.22;836.25;844.05;0.0;0.0;1.0;1337.0;0.0;False;REGULAR;USD
NVDA250117C00390000;2024-06-05 13:53:10+00:00;390.0;818.32;831.45;838.9;0.0;0.0;50.0;1118.0;0.0;False;REGULAR;USD
NVDA250117C00395000;2024-05-23 19:17:37+00:00;395.0;647.22;826.4;834.25;0.0;0.0;18.0;207.0;0.0;False;REGULAR;USD
NVDA250117C00400000;2024-06-07 19:51:18+00:00;400.0;825.7;821.9;829.25;9.91998;1.21601;7.0;2277.0;0.0;False;REGULAR;USD
NVDA250117C00405000;2024-06-06 13:58:50+00:00;405.0;803.35;816.9;824.8;0.0;0.0;1.0;476.0;0.0;False;REGULAR;USD
NVDA250117C00410000;2024-06-07 19:25:37+00:00;410.0;812.83;811.9;819.8;67.43;9.04615;2.0;351.0;0.0;False;REGULAR;USD
NVDA250117C00415000;2024-06-07 19:25:37+00:00;415.0;808.03;807.15;815.25;179.56;28.571;1.0;212.0;0.0;False;REGULAR;USD
NVDA250117C00420000;2024-06-06 19:11:59+00:00;420.0;803.0;802.4;810.25;0.0;0.0;10.0;607.0;0.0;False;REGULAR;USD
NVDA250117C00425000;2024-05-13 18:24:48+00:00;425.0;500.7;797.5;805.85;0.0;0.0;2.0;267.0;0.0;False;REGULAR;USD
NVDA250117C00430000;2024-06-06 14:49:18+00:00;430.0;809.95;792.85;801.05;0.0;0.0;1.0;952.0;0.0;False;REGULAR;USD
NVDA250117C00435000;2024-04-17 16:50:33+00:00;435.0;439.52;508.85;513.5;0.0;0.0;2.0;653.0;0.0;False;REGULAR;USD
NVDA250117C00440000;2024-06-03 14:09:34+00:00;440.0;713.6;783.45;791.4;0.0;0.0;1.0;808.0;0.0;False;REGULAR;USD
NVDA250117C00445000;2024-06-06 14:46:37+00:00;445.0;797.0;778.45;786.4;0.0;0.0;2.0;410.0;0.0;False;REGULAR;USD
NVDA250117C00450000;2024-06-07 16:11:10+00:00;450.0;769.0;773.65;781.6;-14.27;-1.82185;5.0;1174.0;0.0;False;REGULAR;USD
NVDA250117C00455000;2024-05-28 18:31:55+00:00;455.0;699.15;768.9;776.9;0.0;0.0;1.0;486.0;0.0;False;REGULAR;USD
NVDA250117C00460000;2024-06-07 19:56:45+00:00;460.0;768.06;764.15;772.1;-19.94;-2.53046;14.0;552.0;0.0;False;REGULAR;USD
NVDA250117C00465000;2024-06-06 14:41:59+00:00;465.0;772.32;759.4;767.35;0.0;0.0;5.0;418.0;0.0;False;REGULAR;USD
NVDA250117C00470000;2024-06-05 19:54:52+00:00;470.0;773.09;754.65;762.6;0.0;0.0;20.0;1611.0;0.0;False;REGULAR;USD
NVDA250117C00475000;2024-06-06 15:50:30+00:00;475.0;750.0;749.9;757.85;0.0;0.0;2.0;1322.0;0.0;False;REGULAR;USD
NVDA250117C00480000;2024-06-05 15:06:49+00:00;480.0;739.92;745.15;753.1;0.0;0.0;1.0;1109.0;0.0;False;REGULAR;USD
NVDA250117C00485000;2024-06-06 13:55:07+00:00;485.0;736.64;740.4;748.4;0.0;0.0;1.0;495.0;0.0;False;REGULAR;USD
NVDA250117C00490000;2024-05-24 17:53:28+00:00;490.0;584.26;735.65;743.65;0.0;0.0;2.0;700.0;0.0;False;REGULAR;USD
NVDA250117C00495000;2024-06-03 18:32:52+00:00;495.0;664.48;730.95;738.6;0.0;0.0;2.0;615.0;0.0;False;REGULAR;USD
NVDA250117C00500000;2024-06-07 17:05:43+00:00;500.0;738.05;726.2;733.7;8.04999;1.10274;1.0;6279.0;0.0;False;REGULAR;USD
NVDA250117C00505000;2024-06-07 14:38:27+00:00;505.0;710.97;723.05;729.15;42.05;6.28625;1.0;1302.0;0.0;False;REGULAR;USD
NVDA250117C00510000;2024-06-07 18:31:54+00:00;510.0;715.48;718.05;724.65;113.43;18.8406;1.0;504.0;0.0;False;REGULAR;USD
NVDA250117C00515000;2024-06-06 13:35:05+00:00;515.0;755.64;713.05;719.7;0.0;0.0;2.0;353.0;0.0;False;REGULAR;USD
NVDA250117C00520000;2024-06-06 16:15:43+00:00;520.0;705.35;708.05;715.25;0.0;0.0;4.0;469.0;0.0;False;REGULAR;USD
NVDA250117C00525000;2024-05-31 18:19:36+00:00;525.0;584.9;704.25;710.6;0.0;0.0;10.0;1196.0;0.0;False;REGULAR;USD
NVDA250117C00530000;2024-06-05 13:30:15+00:00;530.0;675.87;699.3;705.8;0.0;0.0;10.0;453.0;0.0;False;REGULAR;USD
NVDA250117C00535000;2024-06-05 13:30:15+00:00;535.0;671.22;694.3;701.1;0.0;0.0;10.0;425.0;0.0;False;REGULAR;USD
NVDA250117C00540000;2024-06-05 18:07:09+00:00;540.0;697.72;690.1;696.4;0.0;0.0;2.0;705.0;0.0;False;REGULAR;USD
NVDA250117C00545000;2024-05-31 19:32:15+00:00;545.0;574.87;685.3;691.7;0.0;0.0;1.0;1123.0;0.0;False;REGULAR;USD
NVDA250117C00550000;2024-06-07 16:10:47+00:00;550.0;670.85;680.85;687.05;-2.88;-0.427472;5.0;1901.0;0.0;False;REGULAR;USD
NVDA250117C00555000;2024-05-06 19:54:40+00:00;555.0;402.05;692.15;696.55;0.0;0.0;1.0;294.0;0.0;False;REGULAR;USD
NVDA250117C00560000;2024-06-07 16:53:52+00:00;560.0;672.44;671.55;677.65;69.31;11.4917;1.0;713.0;0.0;False;REGULAR;USD
NVDA250117C00565000;2024-06-03 14:09:34+00:00;565.0;595.99;666.65;672.9;0.0;0.0;1.0;205.0;0.0;False;REGULAR;USD
NVDA250117C00570000;2024-06-07 16:03:50+00:00;570.0;649.06;661.95;668.3;-29.09;-4.28962;1.0;941.0;0.0;False;REGULAR;USD
NVDA250117C00575000;2024-06-06 14:25:39+00:00;575.0;656.96;657.5;663.65;0.0;0.0;2.0;577.0;0.0;False;REGULAR;USD
NVDA250117C00580000;2024-06-04 19:50:16+00:00;580.0;609.69;653.05;659.0;0.0;0.0;2.0;729.0;0.0;False;REGULAR;USD
NVDA250117C00585000;2024-05-29 18:42:19+00:00;585.0;595.78;648.35;654.35;0.0;0.0;198.0;260.0;0.0;False;REGULAR;USD
NVDA250117C00590000;2024-06-06 15:48:46+00:00;590.0;644.95;643.35;649.7;0.0;0.0;101.0;726.0;0.0;False;REGULAR;USD
NVDA250117C00595000;2024-06-06 18:22:23+00:00;595.0;630.5;638.35;645.05;0.0;0.0;44.0;345.0;0.0;False;REGULAR;USD
NVDA250117C00600000;2024-06-06 18:17:13+00:00;600.0;624.85;634.0;640.4;0.0;0.0;107.0;3529.0;0.0;False;REGULAR;USD
NVDA250117C00605000;2024-06-07 14:38:27+00:00;605.0;617.91;629.65;635.8;1.09998;0.178333;2.0;496.0;0.0;False;REGULAR;USD
NVDA250117C00610000;2024-06-07 19:31:40+00:00;610.0;625.57;625.05;631.15;2.87;0.460895;1.0;476.0;0.0;False;REGULAR;USD
NVDA250117C00615000;2024-05-29 13:30:08+00:00;615.0;548.18;620.5;626.55;0.0;0.0;1.0;311.0;0.0;False;REGULAR;USD
NVDA250117C00620000;2024-06-07 16:47:06+00:00;620.0;612.79;615.55;621.95;-0.100037;-0.0163221;2.0;1179.0;0.0;False;REGULAR;USD
NVDA250117C00625000;2024-06-07 17:43:40+00:00;625.0;616.54;611.3;617.35;-4.89001;-0.786897;8.0;1150.0;0.0;False;REGULAR;USD
NVDA250117C00630000;2024-06-07 17:58:24+00:00;630.0;614.4;606.7;612.65;19.45;3.26918;10.0;659.0;0.0;False;REGULAR;USD
NVDA250117C00635000;2024-06-07 17:58:24+00:00;635.0;609.85;601.7;608.2;-7.03003;-1.13961;7.0;688.0;0.0;False;REGULAR;USD
NVDA250117C00640000;2024-06-07 17:59:21+00:00;640.0;604.11;597.3;603.6;-2.51001;-0.41377;10.0;1453.0;0.0;False;REGULAR;USD
NVDA250117C00645000;2024-06-07 17:59:21+00:00;645.0;599.74;593.0;599.05;-1.28003;-0.212976;13.0;194.0;0.0;False;REGULAR;USD
NVDA250117C00650000;2024-06-07 17:59:21+00:00;650.0;595.03;588.4;594.45;1.93005;0.325418;23.0;1407.0;0.0;False;REGULAR;USD
NVDA250117C00655000;2024-06-07 17:59:21+00:00;655.0;590.76;583.9;589.95;15.16;2.63378;17.0;288.0;0.0;False;REGULAR;USD
NVDA250117C00660000;2024-06-07 19:44:43+00:00;660.0;584.99;579.3;585.4;-0.0100098;-0.00171107;20.0;657.0;0.0;False;REGULAR;USD
NVDA250117C00665000;2024-06-07 17:43:04+00:00;665.0;580.24;574.9;580.9;65.04;12.6242;17.0;200.0;0.0;False;REGULAR;USD
NVDA250117C00670000;2024-06-07 17:43:04+00:00;670.0;575.54;570.4;576.15;9.25;1.63344;15.0;786.0;0.0;False;REGULAR;USD
NVDA250117C00675000;2024-06-07 17:43:04+00:00;675.0;571.06;566.05;571.85;-8.15002;-1.40709;12.0;415.0;0.0;False;REGULAR;USD
NVDA250117C00680000;2024-06-07 17:42:32+00:00;680.0;566.55;561.4;567.25;-7.40002;-1.28932;7.0;386.0;0.0;False;REGULAR;USD
NVDA250117C00685000;2024-06-07 19:28:33+00:00;685.0;558.45;557.0;562.85;5.52002;0.998322;4.0;221.0;0.0;False;REGULAR;USD
NVDA250117C00690000;2024-06-07 19:28:33+00:00;690.0;553.77;552.75;558.45;9.77002;1.79596;1.0;334.0;0.0;False;REGULAR;USD
NVDA250117C00695000;2024-06-05 13:37:08+00:00;695.0;526.3;548.0;553.8;0.0;0.0;1.0;382.0;0.0;False;REGULAR;USD
NVDA250117C00700000;2024-06-07 19:57:45+00:00;700.0;543.3;543.8;549.55;13.99;2.64306;25.0;2775.0;0.0;False;REGULAR;USD
NVDA250117C00705000;2024-06-07 16:16:48+00:00;705.0;535.0;539.25;545.1;-0.919983;-0.171664;9.0;357.0;0.0;False;REGULAR;USD
NVDA250117C00710000;2024-06-07 14:33:31+00:00;710.0;522.37;534.6;540.75;-6.63;-1.25331;3.0;1378.0;0.0;False;REGULAR;USD
NVDA250117C00720000;2024-06-06 14:50:09+00:00;720.0;539.48;526.6;531.95;0.0;0.0;3.0;399.0;0.0;False;REGULAR;USD
NVDA250117C00730000;2024-06-05 18:27:20+00:00;730.0;524.46;517.6;523.15;0.0;0.0;8.0;873.0;0.0;False;REGULAR;USD
NVDA250117C00740000;2024-06-05 18:05:19+00:00;740.0;516.61;509.1;514.5;0.0;0.0;1.0;1147.0;0.0;False;REGULAR;USD
NVDA250117C00750000;2024-06-07 16:55:43+00:00;750.0;505.0;500.55;505.85;6.94;1.39341;2.0;1195.0;0.0;False;REGULAR;USD
NVDA250117C00760000;2024-06-06 16:34:14+00:00;760.0;476.26;492.05;497.25;0.0;0.0;4.0;600.0;0.0;False;REGULAR;USD
NVDA250117C00770000;2024-06-07 18:49:47+00:00;770.0;483.0;483.35;488.75;-16.83;-3.36714;2.0;1109.0;0.0;False;REGULAR;USD
NVDA250117C00780000;2024-06-07 17:58:36+00:00;780.0;482.06;474.7;480.35;16.19;3.47522;1.0;2097.0;0.0;False;REGULAR;USD
NVDA250117C00790000;2024-06-07 16:01:24+00:00;790.0;454.5;466.35;471.9;-23.1;-4.83668;1.0;895.0;0.0;False;REGULAR;USD
NVDA250117C00800000;2024-06-07 19:08:20+00:00;800.0;459.14;456.35;463.65;-3.66998;-0.792978;21.0;5953.0;0.0;False;REGULAR;USD
NVDA250117C00810000;2024-06-06 14:41:46+00:00;810.0;460.0;450.2;455.25;0.0;0.0;2.0;481.0;0.0;False;REGULAR;USD
NVDA250117C00820000;2024-06-07 15:26:00+00:00;820.0;428.85;442.0;447.15;-13.65;-3.08474;2.0;571.0;0.0;False;REGULAR;USD
NVDA250117C00830000;2024-06-07 16:40:32+00:00;830.0;433.0;431.7;439.15;1.73001;0.401143;2.0;2942.0;0.0;False;REGULAR;USD
NVDA250117C00840000;2024-06-07 19:51:50+00:00;840.0;427.43;424.05;429.0;-27.72;-6.0903;3.0;2237.0;0.0;False;REGULAR;USD
NVDA250117C00850000;2024-06-07 17:19:50+00:00;850.0;427.78;418.5;423.2;17.73;4.32387;12.0;2048.0;0.0;False;REGULAR;USD
NVDA250117C00860000;2024-06-07 19:51:50+00:00;860.0;411.31;410.7;415.75;4.03;0.989491;20.0;929.0;0.0;False;REGULAR;USD
NVDA250117C00880000;2024-06-07 19:36:52+00:00;880.0;391.75;395.35;399.9;0.200012;0.0510822;48.0;1741.0;0.0;False;REGULAR;USD
NVDA250117C00900000;2024-06-07 19:57:40+00:00;900.0;382.4;378.1;384.3;1.75;0.45974;65.0;3425.0;0.0;False;REGULAR;USD
NVDA250117C00920000;2024-06-07 18:48:35+00:00;920.0;365.92;365.55;370.4;6.77002;1.88501;12.0;1598.0;0.0;False;REGULAR;USD
NVDA250117C00930000;2024-06-07 19:21:09+00:00;930.0;354.85;356.1;362.55;1.85001;0.524081;6.0;696.0;0.0;False;REGULAR;USD
NVDA250117C00940000;2024-06-07 18:17:13+00:00;940.0;344.17;351.25;355.55;-8.31998;-2.36034;53.0;530.0;0.0;False;REGULAR;USD
NVDA250117C00950000;2024-06-07 18:33:54+00:00;950.0;341.59;344.5;348.15;-2.54001;-0.738096;64.0;2723.0;0.0;False;REGULAR;USD
NVDA250117C00960000;2024-06-07 17:49:35+00:00;960.0;343.73;337.35;341.5;9.26001;2.76856;59.0;536.0;0.0;False;REGULAR;USD
NVDA250117C00970000;2024-06-07 19:58:13+00:00;970.0;332.05;330.4;334.9;-1.66;-0.497439;45.0;491.0;0.0;False;REGULAR;USD
NVDA250117C00980000;2024-06-07 16:11:09+00:00;980.0;318.0;321.3;328.2;-12.9;-3.89846;1.0;513.0;0.0;False;REGULAR;USD
NVDA250117C00990000;2024-06-07 15:19:36+00:00;990.0;304.21;314.6;321.15;-48.99;-13.8703;1.0;714.0;0.0;False;REGULAR;USD
NVDA250117C01000000;2024-06-07 19:58:52+00:00;1000.0;312.1;308.35;314.2;-2.09;-0.665201;142.0;5302.0;0.0;False;REGULAR;USD
NVDA250117C01010000;2024-06-07 18:22:50+00:00;1010.0;299.67;301.9;308.25;-12.43;-3.9827;4.0;470.0;0.0;False;REGULAR;USD
NVDA250117C01020000;2024-06-07 19:37:43+00:00;1020.0;298.8;295.4;301.25;10.05;3.48052;51.0;1522.0;0.0;False;REGULAR;USD
NVDA250117C01030000;2024-06-07 18:08:42+00:00;1030.0;289.55;291.15;293.75;-7.55002;-2.54124;16.0;549.0;0.0;False;REGULAR;USD
NVDA250117C01040000;2024-06-06 18:15:02+00:00;1040.0;278.1;285.1;287.55;0.0;0.0;18.0;460.0;0.0;False;REGULAR;USD
NVDA250117C01050000;2024-06-07 19:02:04+00:00;1050.0;281.0;279.0;281.3;3.04999;1.09732;29.0;866.0;0.0;False;REGULAR;USD
NVDA250117C01060000;2024-06-07 19:41:53+00:00;1060.0;275.1;273.05;275.1;7.39999;2.76429;5.0;310.0;0.0;False;REGULAR;USD
NVDA250117C01070000;2024-06-07 18:07:51+00:00;1070.0;267.0;266.95;269.45;11.5;4.50098;6.0;341.0;0.0;False;REGULAR;USD
NVDA250117C01080000;2024-06-07 18:59:37+00:00;1080.0;261.38;261.25;263.5;-4.47;-1.6814;182.0;554.0;0.0;False;REGULAR;USD
NVDA250117C01090000;2024-06-07 18:59:37+00:00;1090.0;255.71;255.55;258.0;-6.83;-2.60151;5.0;483.0;0.0;False;REGULAR;USD
NVDA250117C01100000;2024-06-07 19:55:29+00:00;1100.0;249.77;249.9;252.1;-5.98;-2.33822;155.0;2167.0;0.0;False;REGULAR;USD
NVDA250117C01110000;2024-06-07 18:59:37+00:00;1110.0;244.66;244.4;246.5;6.91;2.90642;19.0;379.0;0.0;False;REGULAR;USD
NVDA250117C01120000;2024-06-07 17:44:18+00:00;1120.0;242.92;238.85;241.1;4.7;1.97297;2.0;206.0;0.0;False;REGULAR;USD
NVDA250117C01130000;2024-06-07 19:42:22+00:00;1130.0;236.9;233.6;236.05;2.84999;1.21768;68.0;446.0;0.0;False;REGULAR;USD
NVDA250117C01140000;2024-06-07 19:50:23+00:00;1140.0;229.42;228.25;230.75;9.42;4.28182;18.0;391.0;0.0;False;REGULAR;USD
NVDA250117C01150000;2024-06-07 19:30:18+00:00;1150.0;223.16;223.35;225.5;0.0;0.0;32.0;872.0;0.0;False;REGULAR;USD
NVDA250117C01160000;2024-06-07 16:07:12+00:00;1160.0;210.46;218.15;220.6;-7.89999;-3.61788;4.0;178.0;0.0;False;REGULAR;USD
NVDA250117C01170000;2024-06-07 19:44:11+00:00;1170.0;216.73;213.15;215.55;5.98;2.83748;52.0;282.0;0.0;False;REGULAR;USD
NVDA250117C01180000;2024-06-07 19:59:39+00:00;1180.0;209.0;208.3;210.75;-5.89999;-2.74546;48.0;499.0;0.0;False;REGULAR;USD
NVDA250117C01190000;2024-06-07 19:02:56+00:00;1190.0;206.0;203.55;205.9;1.32001;0.644913;34.0;263.0;0.0;False;REGULAR;USD
NVDA250117C01200000;2024-06-07 19:57:34+00:00;1200.0;200.0;199.0;201.1;-4.10001;-2.00882;394.0;2703.0;0.0;False;REGULAR;USD
NVDA250117C01210000;2024-06-07 19:31:23+00:00;1210.0;194.83;194.25;196.6;-4.78999;-2.39956;174.0;411.0;0.0;False;REGULAR;USD
NVDA250117C01220000;2024-06-07 19:52:53+00:00;1220.0;189.35;189.8;192.1;-6.0;-3.07141;46.0;455.0;0.0;False;REGULAR;USD
NVDA250117C01230000;2024-06-07 17:04:25+00:00;1230.0;190.25;185.45;187.7;8.75;4.82094;11.0;105.0;0.0;False;REGULAR;USD
NVDA250117C01240000;2024-06-07 19:54:49+00:00;1240.0;181.5;181.0;183.35;-3.05;-1.65267;5.0;618.0;0.0;False;REGULAR;USD
NVDA250117C01250000;2024-06-07 19:49:44+00:00;1250.0;177.7;176.9;179.2;0.539993;0.304805;53.0;1225.0;0.0;False;REGULAR;USD
NVDA250117C01260000;2024-06-07 17:47:05+00:00;1260.0;175.05;172.5;174.65;5.0;2.94031;6.0;135.0;0.0;False;REGULAR;USD
NVDA250117C01270000;2024-06-07 17:30:10+00:00;1270.0;171.32;168.55;170.7;1.65001;0.972481;80.0;240.0;0.0;False;REGULAR;USD
NVDA250117C01280000;2024-06-07 17:23:26+00:00;1280.0;170.0;164.55;166.9;-22.29;-11.5919;4.0;556.0;0.0;False;REGULAR;USD
NVDA250117C01290000;2024-06-07 16:23:49+00:00;1290.0;161.2;160.8;162.3;0.839996;0.523819;6.0;249.0;0.0;False;REGULAR;USD
NVDA250117C01300000;2024-06-07 19:59:53+00:00;1300.0;156.7;156.95;158.2;-5.18001;-3.19991;363.0;1844.0;0.0;False;REGULAR;USD
NVDA250117C01320000;2024-06-07 18:21:12+00:00;1320.0;147.7;149.55;151.05;-0.350006;-0.236411;9.0;316.0;0.0;False;REGULAR;USD
NVDA250117C01340000;2024-06-07 19:10:06+00:00;1340.0;143.98;142.75;143.95;-0.570007;-0.394332;23.0;358.0;0.0;False;REGULAR;USD
NVDA250117C01360000;2024-06-07 19:50:23+00:00;1360.0;136.88;135.95;137.45;2.58;1.92107;96.0;490.0;0.0;False;REGULAR;USD
NVDA250117C01380000;2024-06-07 19:16:34+00:00;1380.0;129.05;129.5;131.1;-1.50999;-1.15655;12.0;413.0;0.0;False;REGULAR;USD
NVDA250117C01400000;2024-06-07 19:44:09+00:00;1400.0;126.07;123.3;124.4;-1.93;-1.50781;135.0;1881.0;12.445314721679688;False;REGULAR;USD
NVDA250117C01420000;2024-06-07 18:42:01+00:00;1420.0;117.27;117.35;119.0;-6.31001;-5.10601;41.0;214.0;8.627934295043945;False;REGULAR;USD
NVDA250117C01440000;2024-06-07 18:23:26+00:00;1440.0;110.0;111.7;113.25;-1.1;-0.990098;513.0;641.0;7.687500390625001;False;REGULAR;USD
NVDA250117C01460000;2024-06-07 19:25:06+00:00;1460.0;107.05;106.3;107.75;-0.25;-0.232992;6.0;441.0;7.107300920562745;False;REGULAR;USD
NVDA250117C01480000;2024-06-07 19:27:27+00:00;1480.0;101.95;100.85;102.4;-0.800003;-0.778592;2.0;1997.0;6.667482134399415;False;REGULAR;USD
NVDA250117C01490000;2024-06-07 19:27:27+00:00;1490.0;99.4;98.65;100.1;-5.25;-5.01672;12.0;112.0;6.509523347473145;False;REGULAR;USD
NVDA250117C01500000;2024-06-07 19:55:29+00:00;1500.0;96.87;96.3;97.5;-5.32999;-5.21526;317.0;2868.0;6.348024525909423;False;REGULAR;USD
NVDA250117C01510000;2024-06-07 19:59:40+00:00;1510.0;94.0;93.8;95.4;-4.55;-4.61695;6.0;198.0;6.208010052490234;False;REGULAR;USD
NVDA250117C01520000;2024-06-07 17:10:16+00:00;1520.0;96.19;91.5;93.15;-7.81;-7.50961;2.0;95.0;6.077394981384277;False;REGULAR;USD
NVDA250117C01530000;2024-06-07 17:08:30+00:00;1530.0;93.25;89.25;90.85;4.25;4.77528;4.0;73.0;5.953615839233398;False;REGULAR;USD
NVDA250117C01540000;2024-06-07 13:34:50+00:00;1540.0;81.25;87.05;88.6;-7.65;-8.60518;8.0;30.0;5.838381608276368;False;REGULAR;USD
NVDA250117C01550000;2024-06-07 19:43:30+00:00;1550.0;87.85;85.0;86.25;0.979996;1.12812;23.0;301.0;5.729250885314941;False;REGULAR;USD
NVDA250117C01560000;2024-06-07 17:03:36+00:00;1560.0;86.0;82.75;84.35;-1.25;-1.43266;16.0;211.0;5.630496125946045;False;REGULAR;USD
NVDA250117C01580000;2024-06-06 19:58:28+00:00;1580.0;83.25;78.75;80.25;0.0;0.0;2.0;129.0;5.44739088607788;False;REGULAR;USD
NVDA250117C01600000;2024-06-07 19:56:22+00:00;1600.0;75.6;74.95;76.35;-2.52;-3.22581;41.0;1037.0;5.28357273147583;False;REGULAR;USD
NVDA250117C01620000;2024-06-07 14:27:12+00:00;1620.0;68.38;71.4;72.25;-4.62;-6.32877;2.0;96.0;5.128482593307496;False;REGULAR;USD
NVDA250117C01640000;2024-06-07 18:13:11+00:00;1640.0;67.01;67.85;69.2;-5.09;-7.05963;6.0;501.0;5.000980311279296;False;REGULAR;USD
NVDA250117C01650000;2024-06-07 18:13:11+00:00;1650.0;65.36;66.25;67.25;-2.84;-4.16422;16.0;90.0;4.93378068824768;False;REGULAR;USD
NVDA250117C01660000;2024-06-06 15:12:20+00:00;1660.0;68.45;64.55;65.65;0.0;0.0;1.0;61.0;4.872562503051757;False;REGULAR;USD
NVDA250117C01670000;2024-06-07 15:02:48+00:00;1670.0;61.55;63.0;63.95;-9.1;-12.8804;10.0;28.0;4.813114335174559;False;REGULAR;USD
NVDA250117C01680000;2024-06-06 14:12:51+00:00;1680.0;66.0;61.4;62.5;0.0;0.0;1.0;84.0;4.758243798294066;False;REGULAR;USD
NVDA250117C01690000;2024-06-07 14:17:35+00:00;1690.0;59.45;59.9;61.0;-1.37;-2.25255;1.0;60.0;4.704899138412475;False;REGULAR;USD
NVDA250117C01700000;2024-06-07 19:54:34+00:00;1700.0;58.55;58.4;59.5;-4.83;-7.6207;12.0;819.0;4.652042759170533;False;REGULAR;USD
NVDA250117C01710000;2024-06-06 16:33:49+00:00;1710.0;54.65;57.0;58.1;0.0;0.0;12.0;18.0;4.603458835525512;False;REGULAR;USD
NVDA250117C01720000;2024-06-07 14:22:25+00:00;1720.0;54.0;55.6;56.65;-6.5;-10.7438;1.0;26.0;4.554264561080933;False;REGULAR;USD
NVDA250117C01730000;2024-06-06 13:45:05+00:00;1730.0;67.62;54.25;55.3;0.0;0.0;1.0;34.0;4.508183075714111;False;REGULAR;USD
NVDA250117C01740000;2024-06-06 13:49:19+00:00;1740.0;56.9;52.95;54.0;0.0;0.0;1.0;29.0;4.464176783065796;False;REGULAR;USD
NVDA250117C01750000;2024-06-07 17:06:57+00:00;1750.0;54.76;51.65;52.65;-0.240002;-0.436367;1.0;139.0;4.419499104537962;False;REGULAR;USD
NVDA250117C01760000;2024-06-07 19:25:38+00:00;1760.0;51.0;50.4;51.35;12.0;30.7692;3.0;48.0;4.376835583648681;False;REGULAR;USD
NVDA250117C01770000;2024-06-07 17:48:51+00:00;1770.0;52.3;49.2;50.2;1.5;2.95276;1.0;41.0;4.337956237716675;False;REGULAR;USD
NVDA250117C01780000;2024-06-06 17:30:23+00:00;1780.0;48.25;48.0;49.0;0.0;0.0;6.0;112.0;4.298222400665283;False;REGULAR;USD
NVDA250117C01790000;2024-06-07 18:00:44+00:00;1790.0;48.0;46.85;47.85;1.16;2.47652;1.0;430.0;4.260441686172484;False;REGULAR;USD
NVDA250117C01800000;2024-06-07 19:58:05+00:00;1800.0;46.8;45.65;46.75;-2.9;-5.83501;58.0;1367.0;4.222660971679687;False;REGULAR;USD
NVDA250117C01810000;2024-06-07 15:02:06+00:00;1810.0;44.06;44.6;45.55;-3.94;-8.20833;1.0;40.0;4.185856818466187;False;REGULAR;USD
NVDA250117C01820000;2024-06-07 14:27:37+00:00;1820.0;42.5;43.6;44.5;-3.0;-6.59341;4.0;378.0;4.152592699890137;False;REGULAR;USD
NVDA250117C01830000;2024-06-05 17:51:51+00:00;1830.0;44.64;42.55;43.45;0.0;0.0;1.0;9.0;4.118474090194702;False;REGULAR;USD
NVDA250117C01840000;2024-06-07 19:56:51+00:00;1840.0;41.7;41.5;42.45;1.48;3.67976;59.0;271.0;4.085209971618653;False;REGULAR;USD
NVDA250117C01850000;2024-06-07 19:58:28+00:00;1850.0;41.28;40.6;41.4;-1.32;-3.09859;16.0;115.0;4.053715870361328;False;REGULAR;USD
NVDA250117C01860000;2024-06-06 17:29:17+00:00;1860.0;40.25;39.6;40.6;0.0;0.0;6.0;74.0;4.024846277542115;False;REGULAR;USD
NVDA250117C01870000;2024-06-06 17:32:00+00:00;1870.0;39.8;38.65;39.6;0.0;0.0;2.0;11.0;3.993225114593505;False;REGULAR;USD
NVDA250117C01880000;2024-06-06 14:24:03+00:00;1880.0;39.97;37.75;38.7;0.0;0.0;1.0;96.0;3.9642334878540035;False;REGULAR;USD
NVDA250117C01890000;2024-06-06 13:41:08+00:00;1890.0;49.7;36.85;37.8;0.0;0.0;1.0;74.0;3.9351197911071782;False;REGULAR;USD
NVDA250117C01900000;2024-06-07 19:54:49+00:00;1900.0;37.0;35.85;36.9;-2.2;-5.61225;4.0;950.0;3.9041140092468263;False;REGULAR;USD
NVDA250117C01910000;2024-06-06 13:30:10+00:00;1910.0;42.28;35.2;36.1;0.0;0.0;1.0;28.0;3.8811648478698735;False;REGULAR;USD
NVDA250117C01920000;2024-06-07 19:59:43+00:00;1920.0;34.77;34.4;35.3;-9.41;-21.2992;8.0;45.0;3.855408076324463;False;REGULAR;USD
NVDA250117C01930000;2024-06-07 19:59:43+00:00;1930.0;33.9;33.55;34.45;-1.38;-3.91156;1.0;104.0;3.827637149658203;False;REGULAR;USD
NVDA250117C01940000;2024-06-07 19:59:43+00:00;1940.0;33.11;32.7;33.6;-2.74;-7.64295;194.0;2739.0;3.799805187988282;False;REGULAR;USD
NVDA250117C01950000;2024-06-07 19:59:43+00:00;1950.0;32.32;32.15;32.4;1.42;4.59547;316.0;479.0;3.77081356124878;False;REGULAR;USD
NVDA250117C02000000;2024-06-07 19:56:35+00:00;2000.0;29.15;28.65;29.4;-2.3;-7.3132;64.0;539.0;3.665650249938965;False;REGULAR;USD
NVDA250117C02050000;2024-06-07 18:47:51+00:00;2050.0;26.49;25.65;26.2;-1.51;-5.39286;215.0;51.0;3.562623163757324;False;REGULAR;USD
NVDA250117C02100000;2024-06-07 19:23:33+00:00;2100.0;23.44;23.0;23.7;-0.809999;-3.3402;16.0;142.0;3.4761975985717775;False;REGULAR;USD
NVDA250117C02120000;2024-06-07 19:55:00+00:00;2120.0;22.7;21.75;22.75;-0.699999;-2.99145;8.0;855.0;3.437623476257324;False;REGULAR;USD
NVDA250117C02130000;2024-06-06 15:15:19+00:00;2130.0;23.0;21.5;22.3;0.0;0.0;1.0;3.0;3.4263320005798343;False;REGULAR;USD
NVDA250117C02140000;2024-06-03 13:47:23+00:00;2140.0;16.38;21.05;21.85;0.0;0.0;1.0;1.0;3.410768074645996;False;REGULAR;USD
NVDA250117C02150000;2024-06-07 19:54:26+00:00;2150.0;20.9;20.7;21.4;-1.9;-8.33333;11.0;61.0;3.3970962338256836;False;REGULAR;USD
NVDA250117C02160000;2024-06-05 15:43:22+00:00;2160.0;19.6;20.15;20.8;19.6;;;1.0;3.3759781225585934;False;REGULAR;USD
NVDA250117C02170000;2024-06-05 17:44:06+00:00;2170.0;20.5;19.8;20.5;20.5;;;1.0;3.3652359619140624;False;REGULAR;USD
NVDA250117C02180000;2024-06-07 13:51:09+00:00;2180.0;20.55;19.35;20.1;4.77;30.2281;4.0;45.0;3.350099281005859;False;REGULAR;USD
NVDA250117C02190000;2024-06-07 13:51:09+00:00;2190.0;20.15;18.95;19.7;0.35;1.76768;7.0;6.0;3.3358170901489252;False;REGULAR;USD
NVDA250117C02200000;2024-06-07 19:42:42+00:00;2200.0;19.69;18.6;19.15;0.290001;1.49485;20.0;65.0;3.319337639160156;False;REGULAR;USD
NVDA250117C02210000;2024-06-07 14:11:13+00:00;2210.0;19.15;18.25;18.9;-6.55;-25.4864;7.0;27.0;3.309144793548584;False;REGULAR;USD
NVDA250117C02220000;2024-06-07 17:05:50+00:00;2220.0;19.5;17.85;18.4;-0.299999;-1.51515;1.0;3.0;3.292238097534179;False;REGULAR;USD
NVDA250117C02230000;2024-06-06 19:59:43+00:00;2230.0;19.03;17.45;18.05;0.0;0.0;4.0;7.0;3.278505221710205;False;REGULAR;USD
NVDA250117C02240000;2024-06-06 19:58:52+00:00;2240.0;19.2;17.15;17.7;0.0;0.0;4.0;23.0;3.266847536010742;False;REGULAR;USD
NVDA250117C02250000;2024-06-07 18:04:02+00:00;2250.0;17.46;16.85;17.45;-0.360001;-2.02021;3.0;48.0;3.257265040435791;False;REGULAR;USD
NVDA250117C02260000;2024-06-07 17:30:50+00:00;2260.0;17.63;16.4;17.15;0.129999;0.742852;1.0;4.0;3.243043884582519;False;REGULAR;USD
NVDA250117C02270000;2024-06-07 17:59:27+00:00;2270.0;17.48;16.1;16.8;0.43;2.522;33.0;112.0;3.2310199888610835;False;REGULAR;USD
NVDA250117C02280000;2024-06-07 17:59:27+00:00;2280.0;17.13;15.8;16.35;-0.570002;-3.22035;543.0;795.0;3.2164936579895014;False;REGULAR;USD
NVDA250117C02300000;2024-06-07 16:37:54+00:00;2300.0;16.05;15.25;15.85;16.05;;23.0;1.0;3.1975117718505857;False;REGULAR;USD
NVDA250117C02350000;2024-06-06 19:36:05+00:00;2350.0;14.99;13.8;14.5;14.99;;;2.0;3.1438009686279296;False;REGULAR;USD
NVDA250117C02400000;2024-06-07 19:59:22+00:00;2400.0;13.05;12.6;13.05;13.05;;258.0;186.0;3.0904563754272454;False;REGULAR;USD
NVDA250117C02450000;2024-06-07 13:46:55+00:00;2450.0;12.35;11.5;12.15;12.35;;2.0;;3.0508446580505373;False;REGULAR;USD
NVDA250117C02500000;2024-06-07 19:35:35+00:00;2500.0;11.0;10.7;11.05;11.0;;109.0;;3.0114770806884765;False;REGULAR;USD
